Amplicon_ID,pLeft_ID,pLeft_coord,pLeft_length,pLeft_Tm,pLeft_GC,pLeft_Sequences,pLeft_EndStability,pRight_ID,pRight_coord,pRight_length,pRight_Tm,pRight_GC,pRight_Sequences,pRight_EndStability,Penalty,Product_size,Amplicon_type,Redesign,Designed_ranges
A1-sp,P1-sp-L1,778940,20,60.11,55.0,TCTGGTGACGCATACCGAAC,3.95,P1-sp-R1,779819,20,59.82,55.0,CCAGATCGGTGACATGCTGA,4.26,0.29,879,Gene_specific:Rv0678,-,"[778990, 779790]"
A1-ns,P1-ns-L1,760602,20,60.11,55.0,AGGCGCTGTTGGACATCTAC,2.59,P1-ns-R1,761526,21,59.86,57.142857142857146,CCATGTAGTCCACCTCAGACG,4.18,1.24,924,Non_specific,-,"[760663, 761463]"
A2-ns,P2-ns-L1,2155074,20,59.83,60.0,CTCTTCGTCAGCTCCCACTC,3.51,P2-ns-R1,2155880,20,59.25,55.0,CGGGACATCGAGGAAGTGAT,3.06,0.92,806,Non_specific,-,"[2155102, 2155852]"
A3-ns,P2-ns-L2,2288500,20,59.76,55.0,TGAAGGTGTCGTAGAAGRGG,5.52,P2-ns-R2,2289310,20,60.04,60.0,CCCTATATCTGTGGCTGCCG,5.69,0.28,810,Non_specific,-,"[2288528, 2289278]"
A4-ns,P3-ns-L1,4247312,18,60.44,61.111111111111114,GGCTGATTCCGGCAAGCT,3.74,P3-ns-R1,4248080,20,60.25,60.0,GGTTCTCGGTATACCACGCC,5.68,2.69,768,Non_specific,-,"[4247334, 4248034]"
A5-ns,P3-ns-L2,781520,20,59.97,50.0,AAACAGAACGTGAAAGCGCC,6.53,P3-ns-R2,782307,20,60.47,55.0,AGGATCTCATTTGCCAGGCG,5.52,0.49,787,Non_specific,-,"[781585, 782285]"
A6-ns,P1-ns-L2,1673381,20,59.9,55.0,TTACGCTCGTGGACATACCG,4.02,P1-ns-R2,1674124,20,60.18,60.0,CATCCTCGGAAGCCAGGAAG,3.46,0.28,743,Non_specific,-,"[1673423, 1674073]"
A7-ns,P4-ns-L2,7218,20,59.9,55.0,CAGCYTTATCACCCGCAACG,4.1,P4-ns-R2,7922,19,60.08,57.89473684210526,ATTCTCCAGCGCCCAGAAC,3.01,1.18,704,Non_specific,-,"[7247, 7897]"
A8-ns,P4-ns-L1,1472667,20,59.52,55.0,GTGGGTTTCCTTCCTTGGGA,4.37,P4-ns-R1,1473353,20,58.09,55.0,GGTACGGCTACCTTGTTACG,3.18,2.39,686,Non_specific,-,"[1472733, 1473333]"
A9-ns,P5-ns-L2,4407538,18,60.2,66.66666666666667,CTCCACTCGCCATCCGTG,4.94,P5-ns-R2,4408212,20,59.55,55.0,GGAGTGCGTAATGTCTCCYA,4.55,2.66,674,Non_specific,-,"[4407566, 4408166]"
A10-ns,P5-ns-L1,1472057,20,60.39,55.0,TTTAGCGGTGTGGGATGAGC,4.26,P5-ns-R1,1472693,20,59.38,55.0,CACGGATCCCAAGGAAGGAA,3.36,1.01,636,Non_specific,-,"[1472122, 1472672]"
A11-ns,P6-ns-L2,2715310,20,60.04,60.0,GGCTACACAGGGTCACAGTC,3.51,P6-ns-R2,2715926,20,65.11,65.0,CCGCAGGCGATGAGCTGGAT,3.41,5.15,616,Non_specific,-,"[2715339, 2715889]"
A12-ns,P6-ns-L1,4326166,20,60.03,60.0,GGGGTGAACTCCATGAAGGG,3.95,P6-ns-R1,4326761,20,60.32,55.0,TACGGTGGAAGAACGTGCTG,4.41,0.35,595,Non_specific,-,"[4326231, 4326731]"
A13-ns,P7-ns-L2,4326927,20,60.53,55.0,GRCGATCACGACGATGTTCT,3.01,P7-ns-R2,4327546,20,60.11,55.0,TGGCAGCTTAYTACGTGTCG,4.35,0.64,619,Non_specific,-,"[4326984, 4327484]"
A14-ns,P7-ns-L1,4243143,19,60.74,63.1578947368421,CTAGAAGTGCCGTGGCCAC,5.01,P7-ns-R1,4243692,19,60.01,57.89473684210526,CCATAAAATCAGCGCCCGC,6.13,2.75,549,Non_specific,-,"[4243203, 4243653]"
A15-ns,P8-ns-L2,1674456,18,59.97,61.111111111111114,AACAAGCTCGACGGGGTG,4.61,P8-ns-R2,1674985,20,59.97,55.0,CGTCGGCGTAGATGATGTCA,3.58,2.06,529,Non_specific,-,"[1674481, 1674931]"
A16-ns,P8-ns-L1,2726081,22,59.9,50.0,GGCGATGCCGATAAATATGGTG,4.17,P8-ns-R1,2726536,20,59.9,55.0,TTGATGTCGGAGAGCATCGG,4.18,2.2,455,Non_specific,-,"[2726112, 2726512]"
A17-ns,P9-ns-L2,2747076,18,60.43,66.66666666666667,CTCGACCACTGCCACGTC,4.34,P9-ns-R2,2747607,20,60.18,50.0,TGCGCTGCAATGAATTCGAC,4.2,2.61,531,Non_specific,-,"[2747141, 2747541]"
