Amplicon_ID,pLeft_ID,pLeft_coord,pLeft_length,pLeft_Tm,pLeft_GC,pLeft_Sequences,pLeft_EndStability,pRight_ID,pRight_coord,pRight_length,pRight_Tm,pRight_GC,pRight_Sequences,pRight_EndStability,Penalty,Product_size,Amplicon_type,Redesign,Designed_ranges,Designed_size
A1-sp,P1-sp-L1,2153871,18,59.81,61.111111111111114,GGGCCGATCAACCCGAAT,3.34,P1-sp-R1,2154723,20,59.82,55.0,GGCATCGGGATTGACTGTKT,3.41,2.37,852,"Gene_specific:Rv0678,katG",-,"[2153889, 2154689]",800
A2-sp,P2-sp-L1,2154703,20,59.82,55.0,AGACAGTCAATCCCGATGCC,4.4,P2-sp-R1,2155589,20,59.68,50.0,TCGATGGGCTTCAAGACGTT,3.99,0.5,886,"Gene_specific:Rv0678,katG",-,"[2154724, 2155524]",800
A3-sp,P3-sp-L1,2155465,20,59.9,55.0,GATCCCGCTTACCGCTGTAA,2.41,P3-sp-R1,2156239,20,60.32,55.0,TAACGGCTTCCTGTTGGACG,4.79,0.42,774,"Gene_specific:Rv0678,katG",-,"[2155525, 2156175]",650
A4-sp,P4-sp-L1,778940,20,60.11,55.0,TCTGGTGACGCATACCGAAC,3.95,P4-sp-R1,779512,20,60.11,55.0,CTCGGTCAGATTGCGAGGTT,3.5,0.22,572,"Gene_specific:Rv0678,katG",-,"[778990, 779490]",500
A5-sp,P5-sp-L1,779467,20,60.96,60.0,GAACCGGAGAGGACGACTGA,3.41,P5-sp-R1,779941,18,59.89,61.111111111111114,AGTTCCACTGCCAACCCG,5.28,3.07,474,"Gene_specific:Rv0678,katG",-,"[779487, 779887]",400
A1-ns,P1-ns-L1,760567,20,59.97,55.0,GACGCTGGAGAAGGACAACA,3.33,P1-ns-R1,761385,20,59.97,60.0,CGGTCAGGTACACGATCTCG,4.04,0.06,818,Non_specific,-,"[760598, 761348]",750
A2-ns,P2-ns-L1,2288500,20,59.76,55.0,TGAAGGTGTCGTAGAAGRGG,5.52,P2-ns-R1,2289310,20,60.04,60.0,CCCTATATCTGTGGCTGCCG,5.69,0.28,810,Non_specific,-,"[2288528, 2289278]",750
A3-ns,P3-ns-L1,4247312,18,60.44,61.111111111111114,GGCTGATTCCGGCAAGCT,3.74,P3-ns-R1,4248080,20,60.25,60.0,GGTTCTCGGTATACCACGCC,5.68,2.69,768,Non_specific,-,"[4247334, 4248034]",700
A4-ns,P4-ns-L1,781291,20,61.07,60.0,GTGGTACCGCYTCAACGTAG,3.51,P4-ns-R1,782078,20,59.48,50.0,GCTCAAGCGCACCATAAACA,2.83,1.59,787,Non_specific,-,"[781353, 782053]",700
A5-ns,P5-ns-L2,1673381,20,59.9,55.0,TTACGCTCGTGGACATACCG,4.02,P5-ns-R2,1674124,20,60.18,60.0,CATCCTCGGAAGCCAGGAAG,3.46,0.28,743,Non_specific,-,"[1673423, 1674073]",650
A6-ns,P6-ns-L1,7061,20,59.96,55.0,AGCGGTACAAGGGTCTAGGT,3.08,P6-ns-R1,7776,20,59.97,60.0,GGCCGTCGTAGTTAGGGATG,3.51,0.07,715,Non_specific,-,"[7126, 7726]",600
A7-ns,P7-ns-L1,1472667,20,59.52,55.0,GTGGGTTTCCTTCCTTGGGA,4.37,P7-ns-R1,1473353,20,58.09,55.0,GGTACGGCTACCTTGTTACG,3.18,2.39,686,Non_specific,-,"[1472733, 1473333]",600
A8-ns,P8-ns-L1,4407569,20,59.28,55.0,GATCTGCTTTCCACGTCGTY,4.35,P8-ns-R1,4408212,20,59.55,55.0,GGAGTGCGTAATGTCTCCYA,4.55,1.17,643,Non_specific,-,"[4407618, 4408168]",550
A9-ns,P9-ns-L1,1472057,20,60.39,55.0,TTTAGCGGTGTGGGATGAGC,4.26,P9-ns-R1,1472693,20,59.38,55.0,CACGGATCCCAAGGAAGGAA,3.36,1.01,636,Non_specific,-,"[1472122, 1472672]",550
A10-ns,P10-ns-L1,2715071,19,60.37,57.89473684210526,CACCGCGACGAAACTGAGA,3.27,P10-ns-R1,2715653,18,61.25,66.66666666666667,CTCTCGCGGTGCATCACG,4.35,4.62,582,Non_specific,-,"[2715112, 2715612]",500
A11-ns,P11-ns-L1,4326216,20,59.7,55.0,GACGACCACGGTGTCAAAAC,2.43,P11-ns-R1,4326761,20,60.32,55.0,TACGGTGGAAGAACGTGCTG,4.41,0.62,545,Non_specific,-,"[4326278, 4326728]",450
A12-ns,P12-ns-L1,4242932,20,59.74,50.0,TGATGGATCACAATGGCGGT,5.68,P12-ns-R1,4243511,19,60.6,63.1578947368421,CAGTGTGGACAGCACCAGG,4.45,1.85,579,Non_specific,-,"[4242997, 4243447]",450
A13-ns,P13-ns-L1,4327050,20,60.11,55.0,GTAGTAGCCGCTGCACAGAA,3.02,P13-ns-R1,4327546,20,60.11,55.0,TGGCAGCTTAYTACGTGTCG,4.35,0.22,496,Non_specific,-,"[4327084, 4327484]",400
