Amplicon_ID,index,pLeft_ID,pLeft_coord,pLeft_length,pLeft_Tm,pLeft_GC,pLeft_Sequences,pLeft_EndStability,pRight_ID,pRight_coord,pRight_length,pRight_Tm,pRight_GC,pRight_Sequences,pRight_EndStability,Penalty,Product_size,Amplicon_type,Redesign,Designed_ranges
A1-UserDefined,0,primer01-UserLeft,6510,18,-,-,AGAGTTGGTGCGGCGTAA,-,primer01-UserRight,6959,20,-,-,GCCACTTGAGTTTGTACAGC,-,-,449,User-defined,-,-
A2-UserDefined,1,primer02-UserLeft,7352,20,-,-,GTTGACATCGSGCAGGAGAT,-,primer02-UserRight,7756,20,-,-,AAATCGACTGTCTCCTCGTC,-,-,404,User-defined,-,-
A3-UserDefined,2,primer03-UserLeft,760037,17,-,-,GGTGGCCTGGAAGAGGT,-,primer03-UserRight,760551,17,-,-,AGAACCCGAACCYCTCG,-,-,514,User-defined,-,-
A4-UserDefined,3,primer04-UserLeft,760644,17,-,-,CCCCGACCAAAGAGTCA,-,primer04-UserRight,761186,17,-,-,CTCACGTGACAGACCGC,-,-,542,User-defined,-,-
A5-UserDefined,4,primer05-UserLeft,762024,20,-,-,TGCTCACCTCGATCCACATC,-,primer05-UserRight,762424,20,-,-,ATCTTGCGTMTCTGAGCCAC,-,-,400,User-defined,-,-
A6-UserDefined,5,primer06-UserLeft,764339,19,-,-,TGCGCCCGATGGTGCAGCT,-,primer06-UserRight,764846,17,-,-,CGGCGATGACCTCTTCG,-,-,507,User-defined,-,-
A7-UserDefined,6,primer07-UserLeft,779067,20,-,-,TTCGAGTCCAGGAGTTTGAC,-,primer07-UserRight,779492,19,-,-,GCTCATCAGTCGTCCTCTC,-,-,425,User-defined,-,-
A8-UserDefined,7,primer08-UserLeft,781529,20,-,-,GTGAAAGCGCCCAAGATAGA,-,primer08-UserRight,781936,20,-,-,CATCAGCCCTTCTCCTTCRT,-,-,407,User-defined,-,-
A9-UserDefined,8,primer09-UserLeft,1472209,20,-,-,ATTGCACAATGGGCGCAAGC,-,primer09-UserRight,1472684,20,-,-,CAAGGAAGGAAACCCACACC,-,-,475,User-defined,-,-
A10-UserDefined,9,primer10-UserLeft,1472836,20,-,-,CACAGGACGCGTCTAGAGAT,-,primer10-UserRight,1473375,20,-,-,AGGTGATCCAGCCGCACCTT,-,-,539,User-defined,-,-
A11-UserDefined,10,primer11-UserLeft,1673280,20,-,-,CCAGAAAGGGATCCGTCATG,-,primer11-UserRight,1673680,19,-,-,GACCCTGGTGCTCTTCTAS,-,-,400,User-defined,-,-
A12-UserDefined,11,primer12-UserLeft,1674221,20,-,-,CAAACGGATTCTGGTTAGCG,-,primer12-UserRight,1674690,20,-,-,GACCGTCATCCAGTTGTAGG,-,-,469,User-defined,-,-
A13-UserDefined,12,primer13-UserLeft,1674600,19,-,-,CTGCTGCCGATCATGAACC,-,primer13-UserRight,1675016,20,-,-,GCGTTCTAGAGCAATTGGGT,-,-,416,User-defined,-,-
A14-UserDefined,13,primer14-UserLeft,1917896,17,-,-,TTGTTGGCCGCCCTGGA,-,primer14-UserRight,1918420,24,-,-,CCAACGAGATGAACGACAGGTCGG,-,-,524,User-defined,-,-
A15-UserDefined,14,primer15-UserLeft,2153873,18,-,-,GCCGATCAACCCGAATCA,-,primer15-UserRight,2154292,20,-,-,AGTACATGCTGCTCGACAAG,-,-,419,User-defined,-,-
A16-UserDefined,15,primer16-UserLeft,2155054,17,-,-,ATTGCCAAGCGCCAGCA,-,primer16-UserRight,2155579,19,-,-,TCAAGACGTTCGGGTTCGG,-,-,525,User-defined,-,-
A17-UserDefined,16,primer17-UserLeft,2288650,19,-,-,CCAACAGTTCATCCCGGTT,-,primer17-UserRight,2289055,19,-,-,GACTATTCCTCGTCGTGGC,-,-,405,User-defined,-,-
A18-UserDefined,17,primer18-UserLeft,2288946,19,-,-,AGGCACCCTTGTAGAACAC,-,primer18-UserRight,2289403,20,-,-,TTGTCGCTCACTACATCACC,-,-,457,User-defined,-,-
A19-UserDefined,18,primer19-UserLeft,2726061,17,-,-,GCCGGCTAGRACCTCTT,-,primer19-UserRight,2726540,17,-,-,GCGCTTGATGTCGGAGA,-,-,479,User-defined,-,-
A20-UserDefined,19,primer20-UserLeft,2747079,17,-,-,GACCACTGCCACGTCGA,-,primer20-UserRight,2747593,17,-,-,TTCGACGAATTCCGGCC,-,-,514,User-defined,-,-
A21-UserDefined,20,primer21-UserLeft,3067783,20,-,-,GGTCTTGGGATTGGGCTTGG,-,primer21-UserRight,3068243,20,-,-,GCCGCTGGACACTTGCCTAT,-,-,460,User-defined,-,-
A22-UserDefined,21,primer22-UserLeft,3073680,20,-,-,CATACCGCGACTGGAGCTTT,-,primer22-UserRight,3074090,20,-,-,ATCATCGTGTCGGCCTGGAA,-,-,410,User-defined,-,-
A23-UserDefined,22,primer23-UserLeft,4243000,20,-,-,AGCTACCTCAAAGACGACTG,-,primer23-UserRight,4243461,18,-,-,AGCAGGGGATCGAGATGT,-,-,461,User-defined,-,-
A24-UserDefined,23,primer24-UserLeft,4247333,18,-,-,GCACCTTCACCCTGACCG,-,primer24-UserRight,4247850,18,-,-,GGCTGCACACCCAGTGTG,-,-,517,User-defined,-,-
A25-UserDefined,24,primer25-UserLeft,4247895,19,-,-,GATGCTGCGGATCTTGGTG,-,primer25-UserRight,4248357,20,-,-,GATACCAACACCGTCGTCAG,-,-,462,User-defined,-,-
A26-UserDefined,25,primer26-UserLeft,4325994,18,-,-,TCGCTAAAGCTAAACCCC,-,primer26-UserRight,4326523,17,-,-,TGAACGYTTCACCGCGA,-,-,529,User-defined,-,-
A27-UserDefined,26,primer27-UserLeft,4326066,17,-,-,CCGGATGAGCCGGATGT,-,primer27-UserRight,4326563,18,-,-,CCATTCGTCACGGGAAGG,-,-,497,User-defined,-,-
A28-UserDefined,27,primer28-UserLeft,4407711,19,-,-,CCTTTGATGSCGAGCATTC,-,primer28-UserRight,4408210,20,-,-,AGTGCGTAATGTCTCCYATC,-,-,499,User-defined,-,-
A29-UserDefined,28,primer29-UserLeft,2715318,20,-,-,AGGGTCACAGTCACAGAATC,-,primer29-UserRight,2715747,20,-,-,AAACTTGTTCTGGTCCAACG,-,-,429,User-defined,-,-
A30-UserDefined,29,primer30-UserLeft,3086886,17,-,-,TCGCGGAACTAACCCGT,-,primer30-UserRight,3087376,17,-,-,ATGCGGGCTGCGTTGTA,-,-,490,User-defined,-,-
A31-UserDefined,30,primer31-UserLeft,3840872,17,-,-,ATGGCTTGGCGTAACGC,-,primer31-UserRight,3841356,17,-,-,CGTTGGCCATGACACCG,-,-,484,User-defined,-,-
A32-UserDefined,31,primer32-UserLeft,4240448,18,-,-,AGATCGTCGGGGTGTTCA,-,primer32-UserRight,4240849,20,-,-,GTCGTAGTACCAGCCGAAAG,-,-,401,User-defined,-,-
A33-UserDefined,32,primer33-UserLeft,4327301,17,-,-,CGGAGTCGGAGCGAATT,-,primer33-UserRight,4327800,19,-,-,GTCSGCTTGATTGACCACC,-,-,499,User-defined,-,-
A34-UserDefined,33,primer34-UserLeft,4327720,20,-,-,GGCCGACGRTCTACTTCTAT,-,primer34-UserRight,4328193,19,-,-,GTTCTCGCCGTAAATGCTG,-,-,473,User-defined,-,-
A35-UserDefined,34,primer35-UserLeft,4249198,21,-,-,CAGACTGTGGTGCTCGAATAC,-,primer35-UserRight,4249644,19,-,-,AGCAACAGGTCGGTGATCC,-,-,446,User-defined,-,-
A36-ns,0,P1-ns-L1,4326665,20,60.463474176291015,60.0,GCTGGATCAGGSTCAGGAAC,3.62,P1-ns-R1,4327070,20,60.108803677696926,55.0,TTCTGTGCAGCGGCTACTAC,2.73,0.5722778539879414,405,Non_specific,-,"[4326552, 4327052]"
